{"cameraMode":{"drawMode":0,"name":"Shaded","section":"Shading Mode"},"sceneLighting":true,"audioPlay":false,"sceneViewState":{"showFog":true,"showMaterialUpdate":true,"showSkybox":true,"showFlares":true,"showImageEffects":true,"showParticleSystems":true},"in2DMode":false,"pivot":{"x":43.60591506958008,"y":45.309959411621097,"z":45.369483947753909},"rotation":{"x":0.1592760533094406,"y":-0.4068652093410492,"z":0.07227849960327149,"w":0.8965867757797241},"size":83.30816650390625,"orthographic":false}