{"cameraMode":{"drawMode":0,"name":"Shaded","section":"Shading Mode"},"sceneLighting":true,"audioPlay":false,"sceneViewState":{"showFog":true,"showMaterialUpdate":true,"showSkybox":true,"showFlares":true,"showImageEffects":true,"showParticleSystems":true},"in2DMode":false,"pivot":{"x":-36.88418197631836,"y":-7.405416488647461,"z":22.035076141357423},"rotation":{"x":-0.21891295909881593,"y":0.5576703548431397,"z":-0.15542979538440705,"w":-0.7854441404342651},"size":112.95388793945313,"orthographic":false}