{"cameraMode":{"drawMode":0,"name":"Shaded","section":"Shading Mode"},"sceneLighting":true,"audioPlay":false,"sceneViewState":{"showFog":true,"showMaterialUpdate":true,"showSkybox":true,"showFlares":true,"showImageEffects":true,"showParticleSystems":true},"in2DMode":false,"pivot":{"x":1.2721195220947266,"y":-4.427614212036133,"z":-23.2408447265625},"rotation":{"x":-0.23915350437164308,"y":-0.21543020009994508,"z":0.05450710654258728,"w":-0.9452112913131714},"size":61.54928970336914,"orthographic":false}