{"cameraMode":{"drawMode":0,"name":"Shaded","section":"Shading Mode"},"sceneLighting":true,"audioPlay":false,"sceneViewState":{"showFog":true,"showMaterialUpdate":true,"showSkybox":true,"showFlares":true,"showImageEffects":true,"showParticleSystems":true},"in2DMode":false,"pivot":{"x":12.464954376220704,"y":114.6607666015625,"z":-15.406492233276368},"rotation":{"x":0.07621527463197708,"y":0.8072999715805054,"z":0.5753445625305176,"w":-0.1069423034787178},"size":25.041526794433595,"orthographic":false}