{"cameraMode":{"drawMode":0,"name":"Shaded","section":"Shading Mode"},"sceneLighting":true,"audioPlay":false,"sceneViewState":{"showFog":true,"showMaterialUpdate":false,"showSkybox":true,"showFlares":true,"showImageEffects":true,"showParticleSystems":true},"in2DMode":false,"pivot":{"x":28.597015380859376,"y":15.64964771270752,"z":10.839149475097657},"rotation":{"x":0.05410752817988396,"y":-0.08079608529806137,"z":0.004392731003463268,"w":0.9952512979507446},"size":31.6165771484375,"orthographic":false}