{"cameraMode":{"drawMode":0,"name":"Shaded","section":"Shading Mode"},"sceneLighting":true,"audioPlay":false,"sceneViewState":{"showFog":true,"showMaterialUpdate":true,"showSkybox":true,"showFlares":true,"showImageEffects":true,"showParticleSystems":true},"in2DMode":false,"pivot":{"x":-0.5500249862670898,"y":4.688488006591797,"z":-15.189643859863282},"rotation":{"x":-0.1644505113363266,"y":-0.13622865080833436,"z":0.022938022390007974,"w":-0.9766635894775391},"size":61.54928970336914,"orthographic":false}