{"cameraMode":{"drawMode":0,"name":"Shaded","section":"Shading Mode"},"sceneLighting":true,"audioPlay":false,"sceneViewState":{"showFog":true,"showMaterialUpdate":true,"showSkybox":true,"showFlares":true,"showImageEffects":true,"showParticleSystems":true},"in2DMode":false,"pivot":{"x":19.230716705322267,"y":135.61505126953126,"z":-4.996910095214844},"rotation":{"x":-0.1411481648683548,"y":-0.30271434783935549,"z":0.04538305476307869,"w":-0.941478431224823},"size":44.594051361083987,"orthographic":false}