{"cameraMode":{"drawMode":0,"name":"Shaded","section":"Shading Mode"},"sceneLighting":true,"audioPlay":false,"sceneViewState":{"showFog":true,"showMaterialUpdate":true,"showSkybox":true,"showFlares":true,"showImageEffects":true,"showParticleSystems":true},"in2DMode":false,"pivot":{"x":31.54564094543457,"y":11.843303680419922,"z":-19.542098999023439},"rotation":{"x":0.002196043264120817,"y":0.9926045536994934,"z":-0.12000636756420136,"w":0.018164534121751787},"size":367.3186340332031,"orthographic":false}