{"cameraMode":{"drawMode":0,"name":"Shaded","section":"Shading Mode"},"sceneLighting":true,"audioPlay":false,"sceneViewState":{"showFog":true,"showMaterialUpdate":false,"showSkybox":true,"showFlares":true,"showImageEffects":true,"showParticleSystems":true},"in2DMode":false,"pivot":{"x":-1.6180479526519776,"y":59.95152282714844,"z":31.25200653076172},"rotation":{"x":0.14990542829036714,"y":0.1885797679424286,"z":-0.029140181839466096,"w":0.9701118469238281},"size":160.86404418945313,"orthographic":false}