{"cameraMode":{"drawMode":0,"name":"Shaded","section":"Shading Mode"},"sceneLighting":true,"audioPlay":false,"sceneViewState":{"showFog":true,"showMaterialUpdate":false,"showSkybox":true,"showFlares":true,"showImageEffects":true,"showParticleSystems":true},"in2DMode":false,"pivot":{"x":20.807275772094728,"y":41.165557861328128,"z":-130.08489990234376},"rotation":{"x":-0.004187099169939756,"y":0.034488748759031299,"z":0.00014476185606326908,"w":0.9993963241577148},"size":8.513738632202149,"orthographic":false}