{"cameraMode":{"drawMode":0,"name":"Shaded","section":"Shading Mode"},"sceneLighting":true,"audioPlay":false,"sceneViewState":{"showFog":true,"showMaterialUpdate":true,"showSkybox":true,"showFlares":true,"showImageEffects":true,"showParticleSystems":true},"in2DMode":false,"pivot":{"x":0.749176025390625,"y":73.42082214355469,"z":-9.992801666259766},"rotation":{"x":0.05406254157423973,"y":-0.817223072052002,"z":0.07771680504083634,"w":0.568492591381073},"size":141.21743774414063,"orthographic":false}