{"cameraMode":{"drawMode":0,"name":"Shaded","section":"Shading Mode"},"sceneLighting":true,"audioPlay":false,"sceneViewState":{"showFog":true,"showMaterialUpdate":false,"showSkybox":true,"showFlares":true,"showImageEffects":true,"showParticleSystems":true},"in2DMode":false,"pivot":{"x":23.97659683227539,"y":20.868606567382814,"z":-76.91226959228516},"rotation":{"x":-0.1674843579530716,"y":0.019813938066363336,"z":-0.0033660444896668197,"w":-0.9856699109077454},"size":12.44166374206543,"orthographic":false}