{"cameraMode":{"drawMode":0,"name":"Shaded","section":"Shading Mode"},"sceneLighting":true,"audioPlay":false,"sceneViewState":{"showFog":true,"showMaterialUpdate":false,"showSkybox":true,"showFlares":true,"showImageEffects":true,"showParticleSystems":true},"in2DMode":false,"pivot":{"x":9.433420181274414,"y":2.8290436267852785,"z":7.175159454345703},"rotation":{"x":0.06252174079418183,"y":0.7865912914276123,"z":-0.08075821399688721,"w":0.6089691519737244},"size":4.041658401489258,"orthographic":false}